date,day_of_week,ball_1,ball_2,ball_3,ball_4,ball_5,ball_6,bonus_ball
2015-10-10,Saturday,5,21,22,33,42,47,4
2015-10-14,Wednesday,4,18,22,28,44,52,6
2015-10-17,Saturday,4,17,22,23,28,34,30
2015-10-21,Wednesday,2,17,18,22,24,43,41
2015-10-24,Saturday,8,13,26,37,42,49,16
2015-10-28,Wednesday,1,9,19,51,54,59,6
2015-10-31,Saturday,19,31,35,42,45,59,50
2015-11-04,Wednesday,3,4,14,53,54,55,6
2015-11-07,Saturday,8,24,29,37,39,43,25
2015-11-11,Wednesday,3,15,24,25,42,48,9
2015-11-14,Saturday,2,11,29,32,35,53,47
2015-11-18,Wednesday,4,5,10,30,44,54,25
2015-11-21,Saturday,3,9,35,36,58,59,12
2015-11-25,Wednesday,4,9,16,24,42,43,52
2015-11-28,Saturday,28,34,44,50,51,57,35
2015-12-02,Wednesday,3,9,10,35,38,57,16
2015-12-05,Saturday,12,22,29,32,39,58,20
2015-12-09,Wednesday,4,15,24,26,40,42,7
2015-12-12,Saturday,7,8,31,45,52,56,21
2015-12-16,Wednesday,1,4,12,18,37,51,9
2015-12-19,Saturday,1,16,32,33,38,56,59
2015-12-23,Wednesday,12,21,35,38,52,55,27
2015-12-26,Saturday,23,26,28,29,36,47,6
2015-12-30,Wednesday,8,23,28,31,49,53,24
2016-01-02,Saturday,2,13,20,32,39,43,28
2016-01-06,Wednesday,28,44,45,47,48,50,6
2016-01-09,Saturday,5,15,21,22,37,55,29
2016-01-13,Wednesday,7,32,33,42,45,54,44
2016-01-16,Saturday,4,31,33,34,35,58,14
2016-01-20,Wednesday,4,15,24,46,47,54,42
2016-01-23,Saturday,1,13,29,33,43,48,38
2016-01-27,Wednesday,5,41,42,45,48,59,3
2016-01-30,Saturday,2,9,26,54,56,58,57
2016-02-03,Wednesday,1,15,28,36,41,56,12
2016-02-06,Saturday,4,8,24,37,52,53,56
2016-02-10,Wednesday,16,18,20,25,33,40,45
2016-02-13,Saturday,7,16,17,19,25,41,48
2016-02-17,Wednesday,5,6,8,27,29,48,9
2016-02-20,Saturday,8,14,18,27,47,49,20
2016-02-24,Wednesday,4,14,27,38,43,44,19
2016-02-27,Saturday,2,8,18,43,56,58,57
2016-03-02,Wednesday,2,4,19,21,35,49,28
2016-03-05,Saturday,28,33,36,37,49,53,24
2016-03-09,Wednesday,17,22,24,31,34,38,49
2016-03-12,Saturday,3,10,24,28,50,56,5
2016-03-16,Wednesday,9,19,23,24,35,44,39
2016-03-19,Saturday,10,22,32,35,39,55,52
2016-03-23,Wednesday,25,28,37,44,47,48,20
2016-03-26,Saturday,10,14,21,31,51,59,46
2016-03-30,Wednesday,12,19,21,22,32,44,2
2016-04-02,Saturday,2,20,24,37,38,53,14
2016-04-06,Wednesday,23,36,38,48,56,57,30
2016-04-09,Saturday,9,27,31,42,45,56,38
2016-04-13,Wednesday,14,19,20,31,35,53,9
2016-04-16,Saturday,5,6,30,34,38,49,43
2016-04-20,Wednesday,24,25,28,32,34,43,40
2016-04-23,Saturday,4,13,17,19,35,43,53
2016-04-27,Wednesday,20,36,38,39,44,56,57
2016-04-30,Saturday,7,10,14,25,30,42,38
2016-05-04,Wednesday,7,14,25,29,30,43,21
2016-05-07,Saturday,5,6,22,34,35,52,37
2016-05-11,Wednesday,8,11,14,21,41,50,53
2016-05-14,Saturday,9,12,23,32,33,36,11
2016-05-18,Wednesday,13,34,38,44,47,56,27
2016-05-21,Saturday,11,15,24,40,44,45,53
2016-05-25,Wednesday,14,25,27,54,56,59,20
2016-05-28,Saturday,15,20,32,36,52,59,8
2016-06-01,Wednesday,6,11,21,28,46,52,29
2016-06-04,Saturday,18,19,26,29,48,54,41
2016-06-08,Wednesday,3,18,20,46,49,52,44
2016-06-11,Saturday,28,31,40,41,49,57,2
2016-06-15,Wednesday,3,19,25,27,36,42,54
2016-06-18,Saturday,3,12,25,42,50,55,53
2016-06-22,Wednesday,2,12,14,24,44,47,1
2016-06-25,Saturday,7,30,34,45,53,58,26
2016-06-29,Wednesday,21,22,23,27,31,47,57
2016-07-02,Saturday,7,20,30,34,40,57,2
2016-07-06,Wednesday,18,29,35,46,51,59,19
2016-07-09,Saturday,5,9,40,47,53,55,12
2016-07-13,Wednesday,2,7,12,16,24,49,46
2016-07-16,Saturday,1,4,23,41,42,48,59
2016-07-20,Wednesday,4,22,25,35,44,50,39
2016-07-23,Saturday,10,18,24,34,36,57,21
2016-07-27,Wednesday,2,7,11,14,23,47,13
2016-07-30,Saturday,8,11,13,23,38,49,1
2016-08-03,Wednesday,10,14,17,21,24,48,34
2016-08-06,Saturday,1,13,17,25,32,38,35
2016-08-10,Wednesday,2,11,16,26,33,52,46
2016-08-13,Saturday,5,6,22,25,29,43,27
2016-08-17,Wednesday,1,2,10,13,15,25,28
2016-08-20,Saturday,15,21,22,32,49,52,26
2016-08-24,Wednesday,3,5,32,38,41,42,29
2016-08-27,Saturday,23,26,27,43,49,57,58
2016-08-31,Wednesday,24,30,44,51,56,57,1
2016-09-03,Saturday,2,7,11,13,25,28,39
2016-09-07,Wednesday,5,27,28,34,46,48,53
2016-09-10,Saturday,8,9,10,23,43,55,3
2016-09-14,Wednesday,4,26,34,40,41,53,14
2016-09-17,Saturday,30,32,38,39,43,59,46
2016-09-21,Wednesday,4,24,28,36,37,42,8
2016-09-24,Saturday,3,5,14,19,31,58,7
2016-09-28,Wednesday,2,15,24,29,43,51,11
2016-10-01,Saturday,17,22,38,47,48,49,50
2016-10-05,Wednesday,19,26,34,42,45,54,4
2016-10-08,Saturday,1,21,23,26,50,57,27
2016-10-12,Wednesday,24,26,33,36,41,59,19
2016-10-15,Saturday,11,17,21,26,37,49,24
2016-10-19,Wednesday,8,19,36,52,56,58,1
2016-10-22,Saturday,3,13,18,23,45,54,20
2016-10-26,Wednesday,1,4,20,22,33,56,17
2016-10-29,Saturday,10,23,41,49,55,58,53
2016-11-02,Wednesday,5,31,41,53,56,59,1
2016-11-05,Saturday,1,21,27,31,56,58,30
2016-11-09,Wednesday,24,29,33,35,54,59,9
2016-11-12,Saturday,2,13,17,18,38,53,55
2016-11-16,Wednesday,15,32,36,37,46,57,3
2016-11-19,Saturday,4,8,21,33,34,55,39
2016-11-23,Wednesday,18,24,28,41,50,57,1
2016-11-26,Saturday,13,22,40,51,53,56,21
2016-11-30,Wednesday,18,23,37,41,49,58,34
2016-12-03,Saturday,8,26,30,34,46,54,50
2016-12-07,Wednesday,9,11,12,15,16,18,46
2016-12-10,Saturday,2,21,22,25,30,56,26
2016-12-14,Wednesday,1,7,8,12,22,48,2
2016-12-17,Saturday,32,34,40,47,55,58,42
2016-12-21,Wednesday,7,36,37,41,45,46,28
2016-12-24,Saturday,20,26,28,31,38,45,59
2016-12-28,Wednesday,3,13,29,34,49,59,33
2016-12-31,Saturday,9,18,37,38,42,59,3
2017-01-04,Wednesday,13,17,21,28,29,47,14
2017-01-07,Saturday,6,14,22,36,39,57,56
2017-01-11,Wednesday,16,26,33,40,47,54,32
2017-01-14,Saturday,2,9,27,28,43,47,29
2017-01-18,Wednesday,15,16,34,36,51,54,24
2017-01-21,Saturday,2,25,29,32,51,59,3
2017-01-25,Wednesday,1,14,22,45,57,58,38
2017-01-28,Saturday,6,16,40,52,53,57,24
2017-02-01,Wednesday,6,18,39,40,43,53,37
2017-02-04,Saturday,11,12,18,33,38,41,47
2017-02-08,Wednesday,14,22,28,29,42,58,32
2017-02-11,Saturday,4,11,12,48,50,54,57
2017-02-15,Wednesday,1,8,12,26,32,33,50
2017-02-18,Saturday,1,4,5,7,46,56,33
2017-02-22,Wednesday,3,7,10,23,38,52,35
2017-02-25,Saturday,6,9,34,44,50,59,31
2017-03-01,Wednesday,15,19,25,27,42,47,55
2017-03-04,Saturday,4,7,19,27,44,47,31
2017-03-08,Wednesday,10,15,17,28,50,59,8
2017-03-11,Saturday,16,26,30,41,45,50,29
2017-03-15,Wednesday,6,19,26,50,51,54,10
2017-03-18,Saturday,8,15,16,41,42,52,25
2017-03-22,Wednesday,2,7,8,28,29,55,6
2017-03-25,Saturday,20,35,36,37,44,58,27
2017-03-29,Wednesday,6,10,14,27,29,52,19
2017-04-01,Saturday,2,5,22,23,27,54,8
2017-04-05,Wednesday,10,29,35,42,48,49,24
2017-04-08,Saturday,1,13,21,23,34,44,56
2017-04-12,Wednesday,1,13,35,46,52,55,5
2017-04-15,Saturday,2,17,21,29,56,57,27
2017-04-19,Wednesday,3,5,17,24,36,43,50
2017-04-22,Saturday,4,25,28,40,48,50,16
2017-04-26,Wednesday,12,15,31,38,51,53,46
2017-04-29,Saturday,8,24,31,37,40,49,42
2017-05-03,Wednesday,4,5,18,22,42,47,41
2017-05-06,Saturday,12,15,16,25,31,54,33
2017-05-10,Wednesday,28,30,44,50,54,55,33
2017-05-13,Saturday,5,7,37,48,51,52,12
2017-05-17,Wednesday,6,7,10,17,47,48,52
2017-05-20,Saturday,13,18,26,35,41,50,39
2017-05-24,Wednesday,11,18,21,29,30,55,27
2017-05-27,Saturday,4,9,14,17,47,54,55
2017-05-31,Wednesday,1,9,11,17,19,25,29
2017-06-03,Saturday,8,13,19,25,28,54,12
2017-06-07,Wednesday,3,11,31,54,57,59,9
2017-06-10,Saturday,17,24,42,45,47,49,16
2017-06-14,Wednesday,3,10,16,41,50,59,24
2017-06-17,Saturday,27,30,38,41,48,57,10
2017-06-21,Wednesday,1,14,18,32,53,58,21
2017-06-24,Saturday,6,8,9,13,24,50,53
2017-06-28,Wednesday,8,16,19,20,23,41,2
2017-07-01,Saturday,5,23,26,34,45,49,50
2017-07-05,Wednesday,9,19,21,29,51,54,22
2017-07-08,Saturday,4,13,49,53,54,58,52
2017-07-12,Wednesday,4,12,30,32,34,42,46
2017-07-15,Saturday,1,11,12,39,43,49,16
2017-07-19,Wednesday,6,21,24,45,51,54,20
2017-07-22,Saturday,16,23,26,35,40,50,12
2017-07-26,Wednesday,14,15,18,29,34,56,43
2017-07-29,Saturday,19,23,43,46,53,58,33
2017-08-02,Wednesday,14,26,35,41,49,50,36
2017-08-05,Saturday,3,32,35,51,53,54,39
2017-08-09,Wednesday,2,11,23,29,32,36,3
2017-08-12,Saturday,11,14,19,27,50,59,30
2017-08-16,Wednesday,9,16,18,24,43,58,19
2017-08-19,Saturday,11,31,33,38,50,54,19
2017-08-23,Wednesday,9,17,18,20,24,39,48
2017-08-26,Saturday,1,3,22,24,33,41,13
2017-08-30,Wednesday,11,12,13,16,20,36,9
2017-09-02,Saturday,5,13,14,22,23,35,58
2017-09-06,Wednesday,9,18,34,46,47,54,52
2017-09-09,Saturday,17,29,47,48,49,52,46
2017-09-13,Wednesday,23,24,28,45,53,57,43
2017-09-16,Saturday,17,24,33,40,46,57,38
2017-09-20,Wednesday,4,12,16,34,38,46,55
2017-09-23,Saturday,6,17,18,31,41,55,9
2017-09-27,Wednesday,5,10,12,25,26,45,43
2017-09-30,Saturday,11,15,18,20,27,33,22
2017-10-04,Wednesday,13,26,35,41,51,57,34
2017-10-07,Saturday,14,15,28,36,48,58,39
2017-10-11,Wednesday,8,15,20,21,24,53,48
2017-10-14,Saturday,1,6,13,32,42,55,49
2017-10-18,Wednesday,7,9,26,33,41,45,44
2017-10-21,Saturday,17,18,29,40,48,56,53
2017-10-25,Wednesday,18,20,26,29,50,51,45
2017-10-28,Saturday,5,24,26,28,32,53,22
2017-11-01,Wednesday,3,13,23,31,33,42,10
2017-11-04,Saturday,5,15,18,24,35,51,11
2017-11-08,Wednesday,6,7,9,20,49,56,23
2017-11-11,Saturday,5,9,34,40,45,52,1
2017-11-15,Wednesday,1,5,31,37,42,43,40
2017-11-18,Saturday,9,26,36,46,50,52,19
2017-11-22,Wednesday,7,19,35,36,41,42,33
2017-11-25,Saturday,19,20,31,32,50,53,37
2017-11-29,Wednesday,9,10,16,18,36,51,19
2017-12-02,Saturday,14,17,22,30,40,51,6
2017-12-06,Wednesday,5,6,13,24,28,54,47
2017-12-09,Saturday,11,16,32,46,47,53,37
2017-12-13,Wednesday,1,6,7,48,50,59,30
2017-12-16,Saturday,6,15,16,24,26,54,23
2017-12-20,Wednesday,11,14,26,28,44,59,12
2017-12-23,Saturday,8,20,31,46,56,58,41
2017-12-27,Wednesday,5,11,23,24,28,57,27
2017-12-30,Saturday,2,10,17,25,31,40,20
2018-01-03,Wednesday,15,34,44,50,53,56,6
2018-01-06,Saturday,8,24,26,29,43,46,22
2018-01-10,Wednesday,1,7,37,47,49,56,35
2018-01-13,Saturday,1,11,16,19,35,51,30
2018-01-17,Wednesday,5,15,39,54,55,58,4
2018-01-20,Saturday,6,8,13,15,21,56,53
2018-01-24,Wednesday,14,19,22,30,31,41,58
2018-01-27,Saturday,23,34,42,54,55,57,48
2018-01-31,Wednesday,6,8,11,12,35,52,25
2018-02-03,Saturday,16,21,38,41,44,48,18
2018-02-07,Wednesday,4,9,30,34,37,56,35
2018-02-10,Saturday,15,21,30,34,53,54,47
2018-02-14,Wednesday,24,26,27,41,56,58,3
2018-02-17,Saturday,14,17,25,44,45,58,28
2018-02-21,Wednesday,11,21,23,36,53,55,3
2018-02-24,Saturday,7,14,25,32,37,39,1
2018-02-28,Wednesday,10,19,27,31,35,47,29
2018-03-03,Saturday,13,16,24,25,35,48,56
2018-03-07,Wednesday,5,8,27,28,32,44,43
2018-03-10,Saturday,16,33,34,39,42,44,3
2018-03-14,Wednesday,23,30,32,35,46,56,27
2018-03-17,Saturday,3,14,15,33,36,52,17
2018-03-21,Wednesday,7,16,19,30,31,37,51
2018-03-24,Saturday,16,25,26,42,53,55,33
2018-03-28,Wednesday,9,42,47,48,52,59,7
2018-03-31,Saturday,10,20,23,31,40,59,46
2018-04-04,Wednesday,2,4,6,14,22,52,51
2018-04-07,Saturday,8,12,21,46,53,58,3
2018-04-11,Wednesday,23,27,29,31,40,41,50
2018-04-14,Saturday,7,25,36,49,54,59,19
2018-04-18,Wednesday,11,13,14,18,19,23,22
2018-04-21,Saturday,12,20,27,31,45,53,15
2018-04-25,Wednesday,2,3,8,11,35,38,19
2018-04-28,Saturday,5,24,28,31,43,54,59
2018-05-02,Wednesday,20,24,31,33,37,51,47
2018-05-05,Saturday,20,23,36,50,54,55,53
2018-05-09,Wednesday,9,21,38,53,55,56,8
2018-05-12,Saturday,15,22,24,26,32,36,47
2018-05-16,Wednesday,7,22,24,25,42,48,52
2018-05-19,Saturday,8,11,35,37,38,46,59
2018-05-23,Wednesday,33,39,46,53,56,57,47
2018-05-26,Saturday,3,16,25,28,34,39,40
2018-05-30,Wednesday,1,14,25,34,38,43,4
2018-06-02,Saturday,6,8,11,19,25,43,54
2018-06-06,Wednesday,16,32,36,38,53,59,45
2018-06-09,Saturday,15,28,32,35,43,45,21
2018-06-13,Wednesday,3,6,8,17,40,52,41
2018-06-16,Saturday,9,12,15,17,35,43,45
2018-06-20,Wednesday,10,14,22,23,43,59,44
2018-06-23,Saturday,4,9,17,39,46,50,10
2018-06-27,Wednesday,7,19,20,21,48,57,26
2018-06-30,Saturday,22,27,31,32,37,46,35
2018-07-04,Wednesday,2,13,20,28,35,36,18
2018-07-07,Saturday,8,14,20,28,41,45,16
2018-07-11,Wednesday,4,13,23,30,31,36,44
2018-07-14,Saturday,7,8,15,41,47,58,51
2018-07-18,Wednesday,4,30,33,43,49,58,6
2018-07-21,Saturday,5,7,32,40,41,49,33
2018-07-25,Wednesday,3,8,10,24,25,38,56
2018-07-28,Saturday,5,14,29,38,40,43,17
2018-08-01,Wednesday,3,33,43,44,49,58,1
2018-08-04,Saturday,13,15,32,44,46,54,23
2018-08-08,Wednesday,20,21,26,31,51,52,50
2018-08-11,Saturday,2,16,23,44,49,50,10
2018-08-15,Wednesday,11,18,28,36,52,53,4
2018-08-18,Saturday,11,18,22,29,33,54,43
2018-08-22,Wednesday,5,14,19,51,55,58,39
2018-08-25,Saturday,1,8,18,27,28,38,16
2018-08-29,Wednesday,19,22,30,31,36,51,35
2018-09-01,Saturday,1,12,19,32,36,41,42
2018-09-05,Wednesday,12,18,28,40,52,59,58
2018-09-08,Saturday,7,23,39,40,45,49,51
2018-09-12,Wednesday,20,36,38,49,51,53,13
2018-09-15,Saturday,12,27,28,37,40,42,11
2018-09-19,Wednesday,8,25,28,39,50,54,19
2018-09-22,Saturday,7,16,28,31,40,50,32
2018-09-26,Wednesday,5,21,23,37,46,47,1
2018-09-29,Saturday,18,27,35,39,40,57,9
2018-10-03,Wednesday,3,8,23,25,52,58,22
2018-10-06,Saturday,23,28,30,38,39,50,25
2018-10-10,Wednesday,10,12,13,16,20,34,56
2018-10-13,Saturday,4,34,44,48,54,57,10
2018-10-17,Wednesday,25,32,37,43,55,58,31
2018-10-20,Saturday,11,12,25,42,43,45,20
2018-10-24,Wednesday,6,13,15,20,48,49,23
2018-10-27,Saturday,5,17,21,47,53,56,49
2018-10-31,Wednesday,1,2,18,27,34,46,35
2018-11-03,Saturday,6,7,29,30,32,35,39
2018-11-07,Wednesday,10,22,23,40,46,47,27
2018-11-10,Saturday,6,8,21,39,44,47,3
2018-11-14,Wednesday,10,11,18,21,53,57,33
2018-11-17,Saturday,8,25,35,36,48,53,50
2018-11-21,Wednesday,6,18,37,47,49,52,56
2018-11-24,Saturday,9,10,38,39,44,52,26
2018-11-28,Wednesday,28,36,40,41,45,50,5
2018-12-01,Saturday,5,7,22,23,34,35,21
2018-12-05,Wednesday,15,18,20,28,32,38,11
2018-12-08,Saturday,28,32,33,35,40,43,12
2018-12-12,Wednesday,5,27,28,36,37,47,58
2018-12-15,Saturday,9,11,19,43,50,54,39
2018-12-19,Wednesday,13,25,42,50,55,56,51
2018-12-22,Saturday,5,26,30,32,33,37,8
2018-12-26,Wednesday,8,19,23,24,34,35,3
2018-12-29,Saturday,15,22,31,32,36,57,40
2019-01-02,Wednesday,17,19,20,23,43,44,55
2019-01-05,Saturday,8,10,14,19,23,45,29
2019-01-09,Wednesday,15,29,32,45,53,54,4
2019-01-12,Saturday,5,8,20,43,52,59,3
2019-01-16,Wednesday,9,19,25,46,53,54,40
2019-01-19,Saturday,15,33,41,45,50,59,58
2019-01-23,Wednesday,8,23,28,39,48,49,24
2019-01-26,Saturday,4,25,26,29,30,57,52
2019-01-30,Wednesday,10,19,27,31,46,49,30
2019-02-02,Saturday,7,10,20,21,29,37,22
2019-02-06,Wednesday,5,7,15,25,28,29,53
2019-02-09,Saturday,21,23,31,34,42,50,12
2019-02-13,Wednesday,14,17,26,44,49,58,20
2019-02-16,Saturday,8,9,31,40,47,54,43
2019-02-20,Wednesday,19,21,22,26,29,54,12
2019-02-23,Saturday,3,7,8,9,39,48,12
2019-02-27,Wednesday,2,8,31,36,51,52,5
2019-03-02,Saturday,5,7,10,12,46,57,13
2019-03-06,Wednesday,4,17,22,32,36,47,43
2019-03-09,Saturday,4,12,18,19,46,56,37
2019-03-13,Wednesday,16,23,26,27,45,57,20
2019-03-16,Saturday,4,6,8,42,46,58,5
2019-03-20,Wednesday,16,27,44,45,48,54,6
2019-03-23,Saturday,9,40,41,44,46,56,38
2019-03-27,Wednesday,8,18,55,56,58,59,7
2019-03-30,Saturday,2,8,31,36,44,54,43
2019-04-03,Wednesday,10,12,22,43,53,56,49
2019-04-06,Saturday,15,25,39,40,53,57,24
2019-04-10,Wednesday,11,20,25,26,53,57,56
2019-04-13,Saturday,30,31,35,44,53,55,47
2019-04-17,Wednesday,12,27,36,39,44,45,4
2019-04-20,Saturday,5,25,33,34,39,47,51
2019-04-24,Wednesday,12,13,31,33,39,41,17
2019-04-27,Saturday,1,12,16,52,53,57,19
2019-05-01,Wednesday,1,10,19,33,54,58,45
2019-05-04,Saturday,1,3,20,29,50,59,16
2019-05-08,Wednesday,12,17,25,36,38,43,14
2019-05-11,Saturday,1,2,3,30,31,42,33
2019-05-15,Wednesday,6,8,29,30,48,54,50
2019-05-18,Saturday,3,36,44,48,55,59,46
2019-05-22,Wednesday,3,12,19,20,42,52,37
2019-05-25,Saturday,13,15,16,24,37,51,4
2019-05-29,Wednesday,16,17,23,36,55,56,50
2019-06-01,Saturday,3,10,11,15,35,56,57
2019-06-05,Wednesday,2,22,36,47,57,59,24
2019-06-08,Saturday,12,17,22,45,57,59,4
2019-06-12,Wednesday,8,27,29,39,43,56,12
2019-06-15,Saturday,11,12,21,25,26,29,17
2019-06-19,Wednesday,6,9,27,33,34,55,4
2019-06-22,Saturday,9,15,21,26,38,55,22
2019-06-26,Wednesday,15,28,29,35,36,58,19
2019-06-29,Saturday,4,7,19,33,55,56,14
2019-07-03,Wednesday,1,9,26,36,55,56,47
2019-07-06,Saturday,7,16,17,28,41,44,13
2019-07-10,Wednesday,6,17,19,27,29,50,31
2019-07-13,Saturday,7,8,17,43,45,55,47
2019-07-17,Wednesday,10,15,17,34,43,58,19
2019-07-20,Saturday,3,6,15,28,50,51,49
2019-07-24,Wednesday,1,3,10,20,42,58,23
2019-07-27,Saturday,7,31,46,52,57,59,44
2019-07-31,Wednesday,8,20,24,26,54,56,32
2019-08-03,Saturday,3,7,27,29,30,42,24
2019-08-07,Wednesday,11,19,22,29,40,59,54
2019-08-10,Saturday,3,6,25,28,38,49,18
2019-08-14,Wednesday,24,30,34,36,49,56,54
2019-08-17,Saturday,29,34,37,41,52,55,50
2019-08-21,Wednesday,3,10,21,41,51,57,50
2019-08-24,Saturday,3,8,13,24,31,57,32
2019-08-28,Wednesday,13,42,43,52,53,56,33
2019-08-31,Saturday,12,20,21,32,36,52,4
2019-09-04,Wednesday,12,21,25,29,30,53,7
2019-09-07,Saturday,32,33,39,46,53,57,55
2019-09-11,Wednesday,19,30,35,40,46,53,44
2019-09-14,Saturday,13,23,25,41,48,51,36
2019-09-18,Wednesday,11,31,39,49,56,58,24
2019-09-21,Saturday,3,5,15,20,39,47,13
2019-09-25,Wednesday,8,16,18,28,35,57,26
2019-09-28,Saturday,17,22,38,45,47,50,34
2019-10-02,Wednesday,16,19,37,46,57,58,30
2019-10-05,Saturday,7,13,21,34,47,55,57
2019-10-09,Wednesday,5,9,13,33,35,40,36
2019-10-12,Saturday,5,22,34,36,37,45,52
2019-10-16,Wednesday,5,20,42,46,52,58,49
2019-10-19,Saturday,28,33,36,52,53,54,19
2019-10-23,Wednesday,12,19,38,40,45,53,43
2019-10-26,Saturday,17,24,31,32,35,44,58
2019-10-30,Wednesday,1,7,18,24,31,33,55
2019-11-02,Saturday,8,18,24,41,57,59,17
2019-11-06,Wednesday,6,10,11,18,20,40,9
2019-11-09,Saturday,5,8,36,46,55,58,16
2019-11-13,Wednesday,4,8,21,28,40,56,17
2019-11-16,Saturday,4,6,10,24,26,42,45
2019-11-20,Wednesday,11,31,44,47,57,59,16
2019-11-23,Saturday,19,27,38,47,50,51,52
2019-11-27,Wednesday,6,8,10,34,51,59,19
2019-11-30,Saturday,25,31,40,47,49,55,27
2019-12-04,Wednesday,8,11,13,14,34,38,21
2019-12-07,Saturday,13,21,22,35,41,55,59
2019-12-11,Wednesday,12,19,47,49,53,58,38
2019-12-14,Saturday,17,25,32,38,43,49,52
2019-12-18,Wednesday,8,21,23,33,48,59,51
2019-12-21,Saturday,25,31,34,51,57,58,26
2019-12-25,Wednesday,18,41,44,47,49,58,13
2019-12-28,Saturday,28,31,39,44,48,49,47
2020-01-01,Wednesday,14,19,29,37,43,47,41
2020-01-04,Saturday,16,36,39,44,45,58,38
2020-01-08,Wednesday,23,42,49,50,54,58,13
2020-01-11,Saturday,6,20,23,25,43,46,19
2020-01-15,Wednesday,12,15,42,48,54,55,37
2020-01-18,Saturday,4,15,37,38,49,51,56
2020-01-22,Wednesday,2,10,26,44,46,54,14
2020-01-25,Saturday,4,10,17,41,42,51,45
2020-01-29,Wednesday,10,11,12,25,53,55,28
2020-02-01,Saturday,1,2,7,34,50,54,33
2020-02-05,Wednesday,10,23,26,34,40,55,18
2020-02-08,Saturday,3,5,18,37,38,44,1
2020-02-12,Wednesday,1,3,32,45,46,50,58
2020-02-15,Saturday,7,18,25,29,38,51,52
2020-02-19,Wednesday,11,34,36,38,50,58,3
2020-02-22,Saturday,4,6,25,31,51,58,20
2020-02-26,Wednesday,1,5,9,10,11,24,52
2020-02-29,Saturday,1,23,36,48,50,52,46
2020-03-04,Wednesday,14,21,24,26,38,54,5
2020-03-07,Saturday,9,11,13,16,36,56,18
2020-03-11,Wednesday,8,13,22,38,44,45,52
2020-03-14,Saturday,6,8,9,10,19,23,37
2020-03-18,Wednesday,5,6,14,43,50,58,46
2020-03-21,Saturday,8,22,25,32,54,59,3
2020-03-25,Wednesday,7,20,30,31,51,59,40
2020-03-28,Saturday,17,20,28,30,54,57,14
2020-04-01,Wednesday,27,35,36,43,55,57,17
2020-04-04,Saturday,2,9,11,41,58,59,35
2020-04-08,Wednesday,11,17,22,24,58,59,42
2020-04-11,Saturday,1,19,32,42,51,56,43
2020-04-15,Wednesday,10,27,29,35,47,55,28
2020-04-18,Saturday,6,20,24,25,30,49,50
2020-04-22,Wednesday,7,11,30,32,37,55,18
2020-04-25,Saturday,20,25,35,45,48,53,27
2020-04-29,Wednesday,11,22,32,35,50,52,42
2020-05-02,Saturday,10,14,23,30,38,58,4
2020-05-06,Wednesday,27,33,34,44,45,48,30
2020-05-09,Saturday,11,27,30,40,45,57,9
2020-05-13,Wednesday,17,25,34,39,42,44,29
2020-05-16,Saturday,7,12,15,37,38,46,19
2020-05-20,Wednesday,21,26,37,49,50,57,59
2020-05-23,Saturday,26,30,32,43,48,55,23
2020-05-27,Wednesday,12,16,18,41,48,49,38
2020-05-30,Saturday,5,7,11,33,39,58,55
2020-06-03,Wednesday,5,7,17,44,47,53,12
2020-06-06,Saturday,4,5,32,42,48,56,18
2020-06-10,Wednesday,4,6,15,28,34,55,59
2020-06-13,Saturday,14,45,52,54,56,57,41
2020-06-17,Wednesday,5,10,16,33,42,49,18
2020-06-20,Saturday,16,22,31,42,45,57,52
2020-06-24,Wednesday,25,26,28,45,49,53,19
2020-06-27,Saturday,2,7,10,29,31,57,1
2020-07-01,Wednesday,14,20,26,33,46,56,32
2020-07-04,Saturday,1,12,35,47,48,49,23
2020-07-08,Wednesday,14,26,27,31,46,47,5
2020-07-11,Saturday,4,14,22,29,41,57,13
2020-07-15,Wednesday,6,8,11,14,29,37,2
2020-07-18,Saturday,3,18,25,30,39,59,38
2020-07-22,Wednesday,23,24,37,42,44,59,52
2020-07-25,Saturday,8,11,13,14,17,54,24
2020-07-29,Wednesday,9,15,21,33,48,49,20
2020-08-01,Saturday,8,31,35,54,55,57,33
2020-08-05,Wednesday,7,38,43,47,51,59,53
2020-08-08,Saturday,6,34,50,51,54,55,25
2020-08-12,Wednesday,19,24,25,28,32,40,26
2020-08-15,Saturday,2,13,14,20,22,32,57
2020-08-19,Wednesday,5,32,37,38,39,51,56
2020-08-22,Saturday,6,21,23,31,39,51,49
2020-08-26,Wednesday,4,13,19,26,38,46,50
2020-08-29,Saturday,12,15,21,27,29,54,8
2020-09-02,Wednesday,17,20,32,35,40,58,25
2020-09-05,Saturday,10,29,32,36,38,42,2
2020-09-09,Wednesday,14,24,25,26,35,55,12
2020-09-12,Saturday,4,12,16,20,40,46,31
2020-09-16,Wednesday,7,36,42,44,47,53,38
2020-09-19,Saturday,11,26,30,33,45,53,31
2020-09-23,Wednesday,10,22,25,41,45,58,9
2020-09-26,Saturday,12,34,35,44,49,57,11
2020-09-30,Wednesday,6,9,28,41,56,57,1
2020-10-03,Saturday,2,12,15,22,44,46,29
2020-10-07,Wednesday,1,2,10,11,16,46,31
2020-10-10,Saturday,2,6,17,28,44,56,37
2020-10-14,Wednesday,10,15,23,34,35,54,33
2020-10-17,Saturday,3,7,8,17,19,33,4
2020-10-21,Wednesday,28,30,40,46,48,56,4
2020-10-24,Saturday,2,19,27,33,57,58,45
2020-10-28,Wednesday,8,16,29,30,40,56,4
2020-10-31,Saturday,9,13,17,50,53,56,30
2020-11-04,Wednesday,23,25,33,34,42,56,18
2020-11-07,Saturday,2,5,31,34,48,59,26
2020-11-11,Wednesday,4,21,24,28,44,53,37
2020-11-14,Saturday,8,14,15,20,41,42,52
2020-11-18,Wednesday,1,5,11,38,51,56,40
2020-11-21,Saturday,24,32,49,53,54,57,9
2020-11-25,Wednesday,9,24,25,27,29,45,3
2020-11-28,Saturday,7,12,20,23,31,33,18
2020-12-02,Wednesday,9,21,26,28,39,45,19
2020-12-05,Saturday,4,15,25,32,34,59,18
2020-12-09,Wednesday,15,22,46,49,50,56,10
2020-12-12,Saturday,14,15,25,39,41,58,18
2020-12-16,Wednesday,2,13,15,23,43,56,41
2020-12-19,Saturday,22,25,30,45,46,56,27
2020-12-23,Wednesday,4,5,22,27,37,47,56
2020-12-26,Saturday,9,19,23,25,29,49,36
2020-12-30,Wednesday,5,13,15,23,24,36,16
2021-01-02,Saturday,10,11,19,34,38,56,45
2021-01-06,Wednesday,4,20,24,29,30,54,14
2021-01-09,Saturday,16,20,25,46,49,55,21
2021-01-13,Wednesday,19,22,24,34,36,40,20
2021-01-16,Saturday,21,31,36,45,48,56,40
2021-01-20,Wednesday,10,27,37,46,52,58,2
2021-01-23,Saturday,2,6,18,24,36,52,48
2021-01-27,Wednesday,18,23,28,41,43,58,39
2021-01-30,Saturday,11,14,23,27,54,59,46
2021-02-03,Wednesday,8,31,42,48,57,59,5
2021-02-06,Saturday,1,14,16,22,28,44,31
2021-02-10,Wednesday,7,14,17,18,24,46,45
2021-02-13,Saturday,8,9,16,23,38,57,39
2021-02-17,Wednesday,13,22,36,40,46,47,16
2021-02-20,Saturday,5,18,22,36,37,38,51
2021-02-24,Wednesday,2,24,32,36,37,46,43
2021-02-27,Saturday,5,15,28,38,40,57,29
2021-03-03,Wednesday,11,26,31,34,48,55,36
2021-03-06,Saturday,2,23,27,32,42,49,33
2021-03-10,Wednesday,8,14,21,23,25,33,10
2021-03-13,Saturday,7,19,24,26,47,58,5
2021-03-17,Wednesday,11,33,45,57,58,59,2
2021-03-20,Saturday,6,23,28,48,50,58,12
2021-03-24,Wednesday,1,13,16,32,40,47,52
2021-03-27,Saturday,1,5,26,28,35,48,27
2021-03-31,Wednesday,12,17,26,37,46,57,4
2021-04-03,Saturday,1,2,18,37,51,56,23
2021-04-07,Wednesday,11,26,34,38,54,57,32
2021-04-10,Saturday,27,28,31,47,51,52,50
2021-04-14,Wednesday,3,6,7,32,47,56,34
2021-04-17,Saturday,5,10,17,22,25,53,9
2021-04-21,Wednesday,8,14,19,20,24,51,59
2021-04-24,Saturday,10,20,27,29,47,49,1
2021-04-28,Wednesday,3,6,16,34,39,51,57
2021-05-01,Saturday,9,34,47,49,50,59,21
2021-05-05,Wednesday,3,8,20,25,40,47,32
2021-05-08,Saturday,4,12,13,40,46,56,41
2021-05-12,Wednesday,9,10,23,37,51,57,50
2021-05-15,Saturday,1,15,24,43,57,58,35
2021-05-19,Wednesday,9,17,34,46,54,59,22
2021-05-22,Saturday,9,30,31,36,39,53,15
2021-05-26,Wednesday,7,20,26,28,29,36,43
2021-05-29,Saturday,9,28,35,48,50,54,37
2021-06-02,Wednesday,16,38,40,48,49,52,27
2021-06-05,Saturday,12,18,25,30,43,45,22
2021-06-09,Wednesday,6,15,31,35,40,53,21
2021-06-12,Saturday,15,27,45,50,51,53,12
2021-06-16,Wednesday,7,14,22,31,39,51,41
2021-06-19,Saturday,7,15,17,34,49,56,3
2021-06-23,Wednesday,16,25,28,32,38,52,13
2021-06-26,Saturday,8,9,22,25,45,53,6
2021-06-30,Wednesday,7,11,24,26,29,40,23
2021-07-03,Saturday,1,11,29,37,45,47,35
2021-07-07,Wednesday,1,15,29,35,53,59,45
2021-07-10,Saturday,7,12,20,22,33,39,29
2021-07-14,Wednesday,9,15,16,22,34,53,59
2021-07-17,Saturday,20,29,32,34,35,57,7
2021-07-21,Wednesday,5,8,11,19,46,57,21
2021-07-24,Saturday,15,26,37,45,52,57,48
2021-07-28,Wednesday,14,39,42,44,57,58,23
2021-07-31,Saturday,2,13,21,25,48,53,34
2021-08-04,Wednesday,2,23,38,45,47,52,42
2021-08-07,Saturday,10,19,31,41,43,47,32
2021-08-11,Wednesday,2,7,9,36,43,44,30
2021-08-14,Saturday,1,22,37,38,49,52,26
2021-08-18,Wednesday,13,17,36,42,49,54,51
2021-08-21,Saturday,6,8,15,22,27,56,30
2021-08-25,Wednesday,11,24,33,37,49,59,2
2021-08-28,Saturday,9,15,20,35,47,52,49
2021-09-01,Wednesday,1,7,20,38,50,51,41
2021-09-04,Saturday,12,14,27,29,38,53,34
2021-09-08,Wednesday,7,9,17,19,36,47,35
2021-09-11,Saturday,1,2,7,8,44,58,6
2021-09-15,Wednesday,1,20,31,38,44,59,35
2021-09-18,Saturday,8,23,28,33,35,36,45
2021-09-22,Wednesday,8,27,34,35,40,57,11
2021-09-25,Saturday,2,8,44,46,55,59,39
2021-09-29,Wednesday,2,12,13,22,28,53,25
2021-10-02,Saturday,9,17,23,26,34,40,6
2021-10-06,Wednesday,7,15,24,27,32,59,40
2021-10-09,Saturday,9,16,29,30,48,59,5
2021-10-13,Wednesday,2,12,17,32,45,52,35
2021-10-16,Saturday,4,17,21,25,36,57,34
2021-10-20,Wednesday,1,23,27,32,48,51,30
2021-10-23,Saturday,3,14,17,30,47,55,40
2021-10-27,Wednesday,1,21,30,36,45,57,32
2021-10-30,Saturday,9,16,26,28,40,51,35
2021-11-03,Wednesday,12,30,31,34,47,52,9
2021-11-06,Saturday,2,19,22,23,39,45,24
2021-11-10,Wednesday,18,31,35,40,42,43,52
2021-11-13,Saturday,3,15,17,29,37,49,4
2021-11-17,Wednesday,22,23,39,42,43,51,50
2021-11-20,Saturday,18,22,28,44,49,58,5
2021-11-24,Wednesday,3,8,24,30,31,41,17
2021-11-27,Saturday,21,22,26,37,54,56,15
2021-12-01,Wednesday,18,24,33,38,43,52,50
2021-12-04,Saturday,11,31,34,44,45,59,40
2021-12-08,Wednesday,4,7,9,28,47,49,3
2021-12-11,Saturday,11,13,17,21,33,52,42
2021-12-15,Wednesday,9,19,44,47,49,54,4
2021-12-18,Saturday,12,15,34,37,51,59,24
2021-12-22,Wednesday,1,5,6,22,30,48,9
2021-12-25,Saturday,10,25,27,36,41,58,55
2021-12-29,Wednesday,5,10,13,18,37,49,20
2022-01-01,Saturday,8,17,25,29,37,58,15
2022-01-05,Wednesday,3,13,15,29,51,57,42
2022-01-08,Saturday,3,7,12,26,29,30,37
2022-01-12,Wednesday,12,13,23,25,26,29,33
2022-01-15,Saturday,5,25,28,37,43,44,57
2022-01-19,Wednesday,3,16,23,37,42,56,55
2022-01-22,Saturday,19,23,26,42,45,50,11
2022-01-26,Wednesday,5,16,21,31,35,58,20
2022-01-29,Saturday,3,4,12,42,43,55,40
2022-02-02,Wednesday,12,13,26,30,56,58,59
2022-02-05,Saturday,4,12,19,21,38,41,31
2022-02-09,Wednesday,19,21,32,36,38,55,26
2022-02-12,Saturday,1,3,7,8,31,35,47
2022-02-16,Wednesday,2,5,12,26,27,30,36
2022-02-19,Saturday,9,14,24,36,44,58,50
2022-02-23,Wednesday,9,27,32,42,47,49,15
2022-02-26,Saturday,9,11,17,48,56,58,32
2022-03-02,Wednesday,24,27,29,31,33,58,17
2022-03-05,Saturday,4,6,14,17,19,29,39
2022-03-09,Wednesday,14,16,30,32,38,42,51
2022-03-12,Saturday,3,16,17,22,24,58,25
2022-03-16,Wednesday,1,24,31,40,50,51,9
2022-03-19,Saturday,8,12,20,21,22,52,40
2022-03-23,Wednesday,4,7,12,32,39,42,40
2022-03-26,Saturday,2,4,9,20,26,55,12
2022-03-30,Wednesday,12,17,25,42,43,53,36
2022-04-02,Saturday,2,17,21,23,27,48,50
2022-04-06,Wednesday,17,19,21,29,54,58,55
2022-04-09,Saturday,3,5,17,19,46,58,55
2022-04-13,Wednesday,12,19,20,24,52,57,1
2022-04-16,Saturday,3,10,12,15,26,39,59
2022-04-20,Wednesday,19,22,24,26,36,57,46
2022-04-23,Saturday,18,21,38,51,52,54,23
2022-04-27,Wednesday,26,29,38,43,52,54,16
2022-04-30,Saturday,1,21,35,45,51,54,4
2022-05-04,Wednesday,5,14,18,28,36,56,32
2022-05-07,Saturday,11,16,24,29,39,52,6
2022-05-11,Wednesday,9,16,24,26,39,50,27
2022-05-14,Saturday,10,18,21,33,41,47,53
2022-05-18,Wednesday,6,13,18,24,30,33,23
2022-05-21,Saturday,5,10,16,18,33,36,31
2022-05-25,Wednesday,3,27,30,39,49,59,43
2022-05-28,Saturday,14,15,22,28,39,44,23
2022-06-01,Wednesday,8,14,27,43,48,57,46
2022-06-04,Saturday,2,6,17,28,51,57,24
2022-06-08,Wednesday,8,29,32,38,42,50,56
2022-06-11,Saturday,5,13,18,34,45,50,57
2022-06-15,Wednesday,9,14,15,22,24,47,48
2022-06-18,Saturday,5,9,16,19,29,47,52
2022-06-22,Wednesday,6,26,35,42,52,54,18
2022-06-25,Saturday,4,6,7,13,41,47,53
2022-06-29,Wednesday,10,46,47,50,53,59,21
2022-07-02,Saturday,6,12,21,33,53,55,52
2022-07-06,Wednesday,2,8,12,48,53,56,58
2022-07-09,Saturday,5,16,23,42,43,53,39
2022-07-13,Wednesday,5,6,13,17,42,46,47
2022-07-16,Saturday,6,32,38,48,54,59,24
2022-07-20,Wednesday,19,28,37,39,40,54,21
2022-07-23,Saturday,17,30,47,55,56,57,13
2022-07-27,Wednesday,16,29,37,44,50,59,27
2022-07-30,Saturday,3,8,10,30,53,55,45
2022-08-03,Wednesday,7,21,23,33,42,46,20
2022-08-06,Saturday,3,5,8,21,28,44,29
2022-08-10,Wednesday,12,32,37,47,50,56,44
2022-08-13,Saturday,6,31,35,46,50,56,26
2022-08-17,Wednesday,1,6,30,48,49,53,14
2022-08-20,Saturday,1,3,6,19,52,59,40
2022-08-24,Wednesday,20,28,31,47,51,53,40
2022-08-27,Saturday,12,13,20,31,54,56,49
2022-08-31,Wednesday,6,25,41,47,52,53,28
2022-09-03,Saturday,10,12,21,28,43,57,41
2022-09-07,Wednesday,8,19,23,40,50,55,18
2022-09-10,Saturday,12,20,40,41,43,58,59
2022-09-14,Wednesday,9,18,21,22,23,37,34
2022-09-17,Saturday,5,14,21,34,42,43,3
2022-09-21,Wednesday,20,28,29,36,44,46,45
2022-09-24,Saturday,4,7,26,32,35,42,24
2022-09-28,Wednesday,17,25,26,46,49,51,34
2022-10-01,Saturday,18,28,44,48,52,59,15
2022-10-05,Wednesday,5,11,13,14,26,54,16
2022-10-08,Saturday,14,19,43,44,47,51,9
2022-10-12,Wednesday,9,33,35,42,51,54,2
2022-10-15,Saturday,2,9,33,37,41,45,42
2022-10-19,Wednesday,24,31,38,41,45,48,36
2022-10-22,Saturday,13,21,24,43,56,59,35
2022-10-26,Wednesday,15,22,25,47,51,56,40
2022-10-29,Saturday,21,27,39,40,46,49,53
2022-11-02,Wednesday,7,37,43,45,47,49,4
2022-11-05,Saturday,4,15,18,25,36,38,49
2022-11-09,Wednesday,6,9,20,30,36,41,26
2022-11-12,Saturday,12,14,21,23,43,51,57
2022-11-16,Wednesday,1,15,29,33,34,46,21
2022-11-19,Saturday,1,6,16,26,36,56,27
2022-11-23,Wednesday,2,8,10,37,47,53,11
2022-11-26,Saturday,3,15,30,42,52,56,32
2022-11-30,Wednesday,25,26,35,38,49,55,56
2022-12-03,Saturday,6,43,46,48,52,56,51
2022-12-07,Wednesday,6,7,8,33,47,56,12
2022-12-10,Saturday,17,20,25,37,52,54,44
2022-12-14,Wednesday,20,22,26,34,38,46,4
2022-12-17,Saturday,10,12,24,25,46,50,28
2022-12-21,Wednesday,8,19,27,29,41,56,36
2022-12-24,Saturday,6,18,29,46,55,58,7
2022-12-28,Wednesday,16,17,19,21,33,47,5
2022-12-31,Saturday,32,37,41,47,53,59,52
2023-01-04,Wednesday,8,27,29,49,52,55,10
2023-01-07,Saturday,4,17,23,39,52,54,29
2023-01-11,Wednesday,6,28,37,39,48,56,7
2023-01-14,Saturday,7,8,17,35,46,49,15
2023-01-18,Wednesday,9,10,24,39,41,48,37
2023-01-21,Saturday,16,18,32,33,53,58,24
2023-01-25,Wednesday,4,7,21,29,34,40,55
2023-01-28,Saturday,2,10,20,35,39,49,54
2023-02-01,Wednesday,9,16,20,23,38,50,29
2023-02-04,Saturday,12,18,19,43,44,54,48
2023-02-08,Wednesday,7,23,25,27,33,54,41
2023-02-11,Saturday,4,10,37,38,44,54,9
2023-02-15,Wednesday,21,26,29,38,51,59,4
2023-02-18,Saturday,2,16,18,46,48,58,52
2023-02-22,Wednesday,13,16,20,37,38,42,1
2023-02-25,Saturday,16,17,19,20,27,47,51
2023-03-01,Wednesday,6,20,39,41,44,50,57
2023-03-04,Saturday,10,41,46,51,53,56,25
2023-03-08,Wednesday,5,7,17,22,28,41,11
2023-03-11,Saturday,4,18,24,29,32,53,11
2023-03-15,Wednesday,3,22,25,32,33,49,36
2023-03-18,Saturday,14,19,26,42,49,51,36
2023-03-22,Wednesday,2,5,10,24,44,58,11
2023-03-25,Saturday,3,8,18,28,56,59,50
2023-03-29,Wednesday,3,9,21,41,47,49,43
2023-04-01,Saturday,29,30,43,51,54,55,15
2023-04-05,Wednesday,2,5,9,14,21,50,42
2023-04-08,Saturday,22,25,27,32,44,59,37
2023-04-12,Wednesday,21,48,50,51,52,55,53
2023-04-15,Saturday,2,5,10,35,54,57,4
2023-04-19,Wednesday,1,15,43,50,51,55,7
2023-04-22,Saturday,17,19,25,34,41,48,26
2023-04-26,Wednesday,4,6,16,24,52,57,8
2023-04-29,Saturday,8,18,19,26,32,55,23
2023-05-03,Wednesday,5,14,25,30,35,58,54
2023-05-06,Saturday,6,8,14,21,30,36,31
2023-05-10,Wednesday,1,6,27,46,49,50,58
2023-05-13,Saturday,3,24,28,33,42,48,29
2023-05-17,Wednesday,17,26,50,53,56,58,35
2023-05-20,Saturday,1,6,13,28,38,53,14
2023-05-24,Wednesday,1,9,34,44,49,55,56
2023-05-27,Saturday,8,10,19,28,38,47,21
2023-05-31,Wednesday,29,30,32,36,38,52,41
2023-06-03,Saturday,9,11,12,23,42,44,19
2023-06-07,Wednesday,9,10,22,40,42,58,43
2023-06-10,Saturday,10,13,17,26,37,48,39
2023-06-14,Wednesday,6,15,37,39,58,59,4
2023-06-17,Saturday,4,6,29,33,40,58,38
2023-06-21,Wednesday,4,6,27,31,51,53,23
2023-06-24,Saturday,2,6,22,36,38,39,46
2023-06-28,Wednesday,3,5,27,31,49,57,47
2023-07-01,Saturday,7,11,12,40,44,55,51
2023-07-05,Wednesday,3,9,14,19,27,58,13
2023-07-08,Saturday,15,20,23,34,54,58,3
2023-07-12,Wednesday,14,31,36,40,51,53,42
2023-07-15,Saturday,26,39,41,42,44,54,47
2023-07-19,Wednesday,2,12,15,42,44,50,14
2023-07-22,Saturday,1,19,35,39,43,53,57
2023-07-26,Wednesday,6,9,10,16,43,51,1
2023-07-29,Saturday,10,12,18,21,33,57,8
2023-08-02,Wednesday,3,7,12,15,49,59,13
2023-08-05,Saturday,6,10,28,38,47,55,59
2023-08-09,Wednesday,4,9,11,32,45,46,37
2023-08-12,Saturday,3,5,31,32,35,37,2
2023-08-16,Wednesday,34,35,44,47,52,56,9
2023-08-19,Saturday,4,15,17,18,37,47,6
2023-08-23,Wednesday,5,13,21,28,30,43,25
2023-08-26,Saturday,5,15,42,52,54,57,3
2023-08-30,Wednesday,5,9,32,39,43,57,26
2023-09-02,Saturday,1,4,13,16,37,49,6
2023-09-06,Wednesday,11,18,30,31,37,47,36
2023-09-09,Saturday,4,16,33,35,39,42,30
2023-09-13,Wednesday,4,14,15,31,40,51,28
2023-09-16,Saturday,2,6,13,15,23,42,17
2023-09-20,Wednesday,4,17,24,26,27,54,2
2023-09-23,Saturday,2,7,10,11,14,32,46
2023-09-27,Wednesday,20,23,26,30,49,55,7
2023-09-30,Saturday,9,10,35,49,52,59,33
2023-10-04,Wednesday,1,20,33,34,55,58,43
2023-10-07,Saturday,11,18,22,25,46,51,50
2023-10-11,Wednesday,23,30,38,53,57,59,17
2023-10-14,Saturday,11,23,30,32,53,57,50
2023-10-18,Wednesday,7,24,40,43,50,53,35
2023-10-21,Saturday,4,7,18,28,31,53,15
2023-10-25,Wednesday,3,10,23,37,38,53,46
2023-10-28,Saturday,7,9,32,36,38,40,20
2023-11-01,Wednesday,3,6,36,49,53,54,29
2023-11-04,Saturday,10,29,36,38,40,58,24
2023-11-08,Wednesday,8,16,24,29,31,44,4
2023-11-11,Saturday,1,17,20,29,31,36,23
2023-11-15,Wednesday,14,18,19,43,48,55,16
2023-11-18,Saturday,1,5,12,16,24,55,9
2023-11-22,Wednesday,8,22,43,45,51,54,33
2023-11-25,Saturday,12,16,18,19,42,50,53
2023-11-29,Wednesday,2,13,19,44,54,57,9
2023-12-02,Saturday,7,11,19,26,31,36,54
2023-12-06,Wednesday,7,11,21,28,46,51,15
2023-12-09,Saturday,3,22,30,44,49,58,26
2023-12-13,Wednesday,18,39,41,43,51,52,58
2023-12-16,Saturday,6,10,24,28,29,49,22
2023-12-20,Wednesday,8,18,26,35,37,48,21
2023-12-23,Saturday,13,20,26,32,37,49,24
2023-12-27,Wednesday,1,3,6,48,51,55,22
2023-12-30,Saturday,17,28,34,41,50,55,10
2024-01-03,Wednesday,2,4,14,16,38,49,23
2024-01-06,Saturday,16,18,30,51,54,58,41
2024-01-10,Wednesday,9,14,24,32,54,56,45
2024-01-13,Saturday,2,9,11,40,42,57,55
2024-01-17,Wednesday,4,11,27,31,36,58,33
2024-01-20,Saturday,6,33,41,53,54,59,3
2024-01-24,Wednesday,1,5,8,22,27,32,36
2024-01-27,Saturday,8,9,10,12,13,49,18
2024-01-31,Wednesday,24,27,30,34,36,41,7
2024-02-03,Saturday,22,38,47,51,54,59,7
2024-02-07,Wednesday,4,32,43,44,51,56,17
2024-02-10,Saturday,3,13,17,46,48,49,21
2024-02-14,Wednesday,10,25,30,34,40,50,17
2024-02-17,Saturday,2,21,35,39,45,54,44
2024-02-21,Wednesday,2,4,11,12,31,34,47
2024-02-24,Saturday,8,14,19,27,31,48,11
2024-02-28,Wednesday,3,16,18,24,30,57,45
2024-03-02,Saturday,11,33,36,47,53,59,37
2024-03-06,Wednesday,13,24,30,47,57,58,59
2024-03-09,Saturday,4,20,21,32,44,47,22
2024-03-13,Wednesday,10,14,31,37,40,45,51
2024-03-16,Saturday,7,22,40,44,52,58,49
2024-03-20,Wednesday,9,22,26,33,55,56,48
2024-03-23,Saturday,5,13,14,41,44,54,38
2024-03-27,Wednesday,11,34,40,41,58,59,20
2024-03-30,Saturday,11,16,33,34,38,49,13
2024-04-03,Wednesday,22,37,39,40,42,58,54
2024-04-06,Saturday,6,7,29,34,39,52,55
2024-04-10,Wednesday,18,22,30,43,48,56,41
2024-04-13,Saturday,3,31,36,38,46,47,41
2024-04-17,Wednesday,7,19,27,32,51,57,2
2024-04-20,Saturday,14,16,36,37,41,55,19
2024-04-24,Wednesday,1,7,13,15,21,50,52
2024-04-27,Saturday,5,8,16,35,37,51,33
2024-05-01,Wednesday,1,7,8,45,54,57,51
2024-05-04,Saturday,10,12,22,29,40,44,3
2024-05-08,Wednesday,2,23,31,36,39,53,41
2024-05-11,Saturday,13,15,20,31,32,42,5
2024-05-15,Wednesday,1,11,18,41,43,59,12
2024-05-18,Saturday,13,20,21,22,47,58,56
2024-05-22,Wednesday,2,7,8,17,31,57,10
2024-05-25,Saturday,7,13,29,44,52,58,36
2024-05-29,Wednesday,15,30,43,45,47,48,35
2024-06-01,Saturday,8,34,36,37,55,56,33
2024-06-05,Wednesday,18,30,39,42,43,56,13
2024-06-08,Saturday,8,13,20,28,32,37,30
2024-06-12,Wednesday,8,17,21,27,44,47,23
2024-06-15,Saturday,7,11,43,53,54,57,9
2024-06-19,Wednesday,1,16,25,27,30,48,33
2024-06-22,Saturday,5,6,18,27,31,56,39
2024-06-26,Wednesday,3,9,18,23,24,26,43
2024-06-29,Saturday,4,26,32,34,50,56,49
2024-07-03,Wednesday,12,16,22,34,45,48,7
2024-07-06,Saturday,3,21,22,23,45,48,37
2024-07-10,Wednesday,10,12,24,26,46,59,21
2024-07-13,Saturday,3,27,33,49,52,58,32
2024-07-17,Wednesday,7,12,13,31,38,56,40
2024-07-20,Saturday,3,5,25,28,37,58,45
2024-07-24,Wednesday,19,21,32,46,47,48,15
2024-07-27,Saturday,2,27,30,48,51,56,46
2024-07-31,Wednesday,8,16,21,22,29,57,58
2024-08-03,Saturday,6,20,21,22,39,47,46
2024-08-07,Wednesday,4,8,10,35,43,54,15
2024-08-10,Saturday,9,25,28,39,44,52,22
2024-08-14,Wednesday,8,12,22,27,39,57,16
2024-08-17,Saturday,4,5,21,43,53,57,39
2024-08-21,Wednesday,6,8,43,55,58,59,10
2024-08-24,Saturday,6,10,17,18,46,53,15
2024-08-28,Wednesday,2,11,21,22,28,34,41
2024-08-31,Saturday,3,10,29,39,42,48,17
2024-09-04,Wednesday,16,18,24,38,49,55,14
2024-09-07,Saturday,3,10,18,28,35,56,12
2024-09-11,Wednesday,13,18,25,36,37,40,12
2024-09-14,Saturday,12,14,22,48,54,55,29
2024-09-18,Wednesday,7,37,39,43,46,54,35
2024-09-21,Saturday,19,27,42,43,51,58,37
2024-09-25,Wednesday,19,20,23,24,39,50,59
2024-09-28,Saturday,4,11,34,38,44,55,49
2024-10-02,Wednesday,16,30,34,36,38,48,10
2024-10-05,Saturday,6,13,16,19,41,56,8
2024-10-09,Wednesday,3,12,13,45,55,57,59
2024-10-12,Saturday,1,9,13,14,17,26,39
2024-10-16,Wednesday,14,27,29,32,36,57,31
2024-10-19,Saturday,24,33,37,41,43,50,47
2024-10-23,Wednesday,1,4,5,14,33,53,6
2024-10-26,Saturday,15,17,27,32,34,51,24
2024-10-30,Wednesday,14,15,23,28,42,57,11
2024-11-02,Saturday,3,15,26,38,51,54,25
2024-11-06,Wednesday,1,17,20,44,50,54,55
2024-11-09,Saturday,8,12,13,27,30,34,28
2024-11-13,Wednesday,6,8,12,15,23,36,38
2024-11-16,Saturday,16,19,21,31,35,42,41
2024-11-20,Wednesday,4,6,9,11,23,36,49
2024-11-23,Saturday,15,28,30,43,52,57,35
2024-11-27,Wednesday,2,12,16,37,51,57,43
2024-11-30,Saturday,10,29,35,43,44,51,57
2024-12-04,Wednesday,7,8,18,20,25,37,12
2024-12-07,Saturday,4,22,28,30,41,48,51
2024-12-11,Wednesday,9,11,12,15,28,41,7
2024-12-14,Saturday,4,22,23,36,42,56,6
2024-12-18,Wednesday,9,13,20,29,42,58,7
2024-12-21,Saturday,2,3,11,34,47,56,40
2024-12-25,Wednesday,7,11,17,39,46,48,56
2024-12-28,Saturday,17,36,38,43,47,54,23
2025-01-01,Wednesday,4,11,22,23,31,45,9
2025-01-04,Saturday,7,8,45,46,47,58,28
2025-01-08,Wednesday,9,10,32,44,48,59,16
2025-01-11,Saturday,1,7,25,28,36,43,24
2025-01-15,Wednesday,17,24,28,38,42,51,39
2025-01-18,Saturday,1,6,14,31,51,56,3
2025-01-22,Wednesday,2,12,14,18,42,59,21
2025-01-25,Saturday,1,12,15,18,23,24,11
2025-01-29,Wednesday,4,13,24,31,38,44,36
2025-02-01,Saturday,4,5,9,23,27,55,28
2025-02-05,Wednesday,9,21,24,29,35,43,15
2025-02-08,Saturday,5,13,23,30,35,51,9
2025-02-12,Wednesday,5,6,18,22,24,42,8
2025-02-15,Saturday,1,18,27,35,38,48,49
2025-02-19,Wednesday,18,22,28,32,48,57,10
2025-02-22,Saturday,1,5,10,32,45,53,52
2025-02-26,Wednesday,32,37,46,47,48,57,14
2025-03-01,Saturday,7,21,39,40,51,58,33
2025-03-05,Wednesday,7,23,30,42,52,53,37
2025-03-08,Saturday,1,4,30,32,48,53,44
2025-03-12,Wednesday,13,15,16,27,49,55,28
2025-03-15,Saturday,1,12,20,41,49,53,48
2025-03-19,Wednesday,18,41,49,51,52,57,27
2025-03-22,Saturday,18,25,29,41,43,49,24
2025-03-26,Wednesday,2,21,22,24,46,48,59
2025-03-29,Saturday,4,21,22,27,28,59,43
2025-04-02,Wednesday,5,19,24,26,28,48,25
2025-04-05,Saturday,8,16,20,37,53,58,23
2025-04-09,Wednesday,5,19,22,41,45,56,34
2025-04-12,Saturday,6,8,16,21,25,35,15
2025-04-16,Wednesday,5,23,37,38,41,54,21
2025-04-19,Saturday,4,21,35,36,46,53,54
2025-04-23,Wednesday,22,36,42,46,52,54,6
2025-04-26,Saturday,2,17,33,36,41,52,40
2025-04-30,Wednesday,3,4,8,12,20,44,16
2025-05-03,Saturday,18,24,32,35,42,57,28
2025-05-07,Wednesday,21,24,27,38,46,55,28
2025-05-10,Saturday,12,24,27,29,53,55,49
2025-05-14,Wednesday,11,19,20,38,44,45,51
2025-05-17,Saturday,9,10,15,43,50,59,28
2025-05-21,Wednesday,6,13,18,28,55,58,39
2025-05-24,Saturday,4,6,10,42,56,59,52
2025-05-28,Wednesday,1,2,12,17,21,23,48
2025-05-31,Saturday,5,30,33,36,38,55,50
2025-06-04,Wednesday,2,4,9,48,54,55,59
2025-06-07,Saturday,25,28,44,46,48,52,47
2025-06-11,Wednesday,4,14,24,44,45,46,8
2025-06-14,Saturday,23,35,42,51,54,56,33
2025-06-18,Wednesday,4,7,31,35,54,57,33
2025-06-21,Saturday,4,10,21,28,46,50,57
2025-06-25,Wednesday,12,18,25,27,35,50,30
2025-06-28,Saturday,6,10,14,22,33,45,15
2025-07-02,Wednesday,3,4,18,36,41,53,10
2025-07-05,Saturday,16,23,37,51,52,56,38
2025-07-09,Wednesday,1,2,4,14,51,53,56
2025-07-12,Saturday,15,19,20,24,26,34,31
2025-07-16,Wednesday,3,5,14,40,49,50,7
2025-07-19,Saturday,7,19,21,43,47,52,36
2025-07-23,Wednesday,5,24,26,27,52,56,38
2025-07-26,Saturday,1,3,39,40,41,56,32
2025-07-30,Wednesday,2,27,36,39,48,57,53
2025-08-02,Saturday,11,17,34,35,41,49,18
2025-08-06,Wednesday,2,18,36,45,46,57,35
2025-08-09,Saturday,21,23,25,32,45,54,39
2025-08-13,Wednesday,8,11,23,27,36,37,3
2025-08-16,Saturday,5,7,13,37,43,59,40
2025-08-20,Wednesday,20,28,29,30,36,44,45
2025-08-23,Saturday,31,41,42,45,55,56,43
2025-08-27,Wednesday,4,28,32,54,56,57,41
2025-08-30,Saturday,6,19,29,36,40,46,10
2025-09-03,Wednesday,11,26,31,38,53,59,35
2025-09-06,Saturday,1,18,25,27,30,38,14
2025-09-10,Wednesday,3,22,33,42,46,50,7
2025-09-13,Saturday,6,35,47,49,51,57,24
2025-09-17,Wednesday,24,32,33,37,43,56,50
2025-09-20,Saturday,10,14,32,44,49,52,29
2025-09-24,Wednesday,1,9,24,41,43,53,14
2025-09-27,Saturday,18,27,32,48,51,52,53
2025-10-01,Wednesday,12,28,34,37,57,58,48
2025-10-04,Saturday,10,20,25,31,32,52,37
2025-10-08,Wednesday,8,9,21,33,38,50,46
2025-10-11,Saturday,11,13,32,38,44,49,43
2025-10-15,Wednesday,1,4,24,43,50,51,42
2025-10-18,Saturday,17,22,29,46,52,56,12
2025-10-22,Wednesday,2,9,35,38,57,58,1
2025-10-25,Saturday,20,25,26,39,43,50,30
2025-10-29,Wednesday,1,9,25,40,41,42,4
2025-11-01,Saturday,3,4,6,21,43,59,48
2025-11-05,Wednesday,1,14,21,22,52,57,44
2025-11-08,Saturday,1,6,8,12,43,53,9
2025-11-12,Wednesday,7,9,14,33,39,44,48
2025-11-15,Saturday,3,8,15,29,34,37,31
